discount;,store;,code;,exp;,type;,description;,link;,cat;,form;
Synoptik rabattkod: 15% rabatt på ett helt köp,Synoptik,ADTRSYN15,31 december 2024,rabattkod,,,,
Spara minst 10% på utvalda glasögon hos Synoptik,Synoptik,,Gäller tillsvidare,erbjudande,,,,
"Få 60 kr i bonus + 2,5% i återbäring",Synoptik,,Gäller tillsvidare,erbjudande,,,,
Handla linser och tillbehör med minst 10-20% rabatt hos Synoptik.se,Synoptik,,Gäller tillsvidare,erbjudande,,,,
Synoptik erbjudande: Köp minst 2 kompletta par glasögon – ta del av 25% rabatt på billigaste paret,Synoptik,,Gäller tillsvidare,erbjudande,,,,
Passa på – få 25% rabatt på utvalda linser,Synoptik,,Gäller tillsvidare,erbjudande,,,,
Synoptik Rea: Fynda glasögon och linser med upp till 60% rabatt i utvalt sortiment,Synoptik,,Gäller tillsvidare,erbjudande,,,,
Fri frakt (spara 50 kr) vid köp över 1000 kr,Synoptik,,Gäller tillsvidare,erbjudande,,,,
Aktuella rabatter & erbjudanden hos Synoptik,Synoptik,,Gäller tillsvidare,erbjudande,,,,
Myr Outdoor rabattkod: Få 15% rabatt på ditt köp,Myr Outdoor,adsummer15,31 augusti 2024,rabattkod,,,,
Myr Outdoor rabattkod: Få 10% rabatt på hela sortimentet,Myr Outdoor,MYR10,Gäller tillsvidare,rabattkod,,,,
Få 10% rabatt på första köpet med Myr Outdoor rabattkod,Myr Outdoor,Anmäl dig till nyhetsbrevet.,Gäller tillsvidare,rabattkod,,,,
Upp till 25% rabatt på utvald utrustning hos Myr Outdoor,Myr Outdoor,,Gäller tillsvidare,erbjudande,,,,
Köp slitstarka ryggsäckar från 1595 kr hos Myr Outdoor,Myr Outdoor,,Gäller tillsvidare,erbjudande,,,,
Fri frakt (spara 59 kr) när du handlar för minst 599 kr,Myr Outdoor,,Gäller tillsvidare,erbjudande,,,,
Aktuella rabatter & erbjudanden hos Myr Outdoor,Myr Outdoor,,Gäller tillsvidare,erbjudande,,,,
Live it rabattkod: 10% rabatt på alla upplevelser,Live it,ADRECORD10,31 december 2024,rabattkod,,,,
Live it rabattkod: Få 10% rabatt på allt,Live it,NEWLIVEIT2024,31 december 2024,rabattkod,,,,
Upp till 25% på utvalda upplevelser hos Live it,Live it,,Gäller tillsvidare,erbjudande,,,,
"Få 60 kr i bonus + 3,5% i återbäring",Live it,,Gäller tillsvidare,erbjudande,,,,
Boka veckans upplevelser – upp till 50% rabatt på nyheter hos liveit.se,Live it,,Gäller tillsvidare,erbjudande,,,,
Bästsäljande upplevelser: Boka direkt – från endast 185 kr,Live it,,Gäller tillsvidare,erbjudande,,,,
Fri frakt (spara 59 kr) med digital leverans,Live it,,Gäller tillsvidare,erbjudande,,,,
Aktuella rabatter & erbjudanden hos Live it,Live it,,Gäller tillsvidare,erbjudande,,,,
Raw Powders rabattkod: 15% rabatt på nästan allt,Raw Powders,SOMMAR15,31 juli 2024,rabattkod,,,,
Raw Powders rabattkod: 10% rabatt på hela sortimentet,Raw Powders,raw10,Gäller tillsvidare,rabattkod,,,,
Raw Powders rabattkod: Få 10% rabatt på ditt första köp,Raw Powders,Anmäl dig till nyhetsbrevet.,Gäller tillsvidare,rabattkod,,,,
Spara minst 10-20% på utvalda produkter hos Raw Powders,Raw Powders,,Gäller tillsvidare,erbjudande,,,,
Få 60 kr i bonus + 4% i återbäring,Raw Powders,,Gäller tillsvidare,erbjudande,,,,
Raw Powders Rea: Handla högkvalitativa kosttillskott – upp till 30% rabatt på flera utvalda produkter,Raw Powders,,Gäller tillsvidare,erbjudande,,,,
Fri frakt (spara minst 50 kr) vid köp för över 670 kr,Raw Powders,,Gäller tillsvidare,erbjudande,,,,
Specialerbjudanden: Minst 10% rabatt på utvalda kosttillskott,Raw Powders,,Gäller tillsvidare,erbjudande,,,,
Färdiga paket: Spara upp till 260 kr på hälsokost hos Raw Powders,Raw Powders,,Gäller tillsvidare,erbjudande,,,,
Aktuella rabatter & erbjudanden hos Raw Powders,Raw Powders,,Gäller tillsvidare,erbjudande,,,,
Bluegaz rabattkod: 5% rabatt på ditt nästa köp,Bluegaz,email5,Gäller tillsvidare,rabattkod,,,,
Bluegaz rabattkod: Få gratis grillkol och grilltång vid köp av kolgrill,Bluegaz,kolgrill-kit,4 augusti 2024,rabattkod,,,,
Minst 10-20% på utvalda grillar och grilltillbehör hos Bluegaz,Bluegaz,,Gäller tillsvidare,erbjudande,,,,
"Få 60 kr i bonus + 1,5% i återbäring",Bluegaz,,Gäller tillsvidare,erbjudande,,,,
Blugaz Outlet: Fynda med upp till 80% rabatt,Bluegaz,,Gäller tillsvidare,erbjudande,,,,
Aktuella rabatter & erbjudanden hos Bluegaz,Bluegaz,,Gäller tillsvidare,erbjudande,,,,
Imvilabs rabattkod: 100 kr rabatt på ditt köp,Imvilabs,sommar100,Gäller tillsvidare,rabattkod,,,,
Aktuella rabatter & erbjudanden hos Imvilabs,Imvilabs,,Gäller tillsvidare,erbjudande,,,,
Kutts rabattkod: Du får 10% rabatt på allt,Kutts,adSpring2023,Gäller tillsvidare,rabattkod,,,,
Spara minst 10-20% på utvalda frisörprodukter hos Kutts,Kutts,,Gäller tillsvidare,erbjudande,,,,
Kutts rabattkod: 20% rabatt på urval av tillbehör,Kutts,summerkutts20,31 augusti 2024,rabattkod,,,,
Få 60 kr i bonus + 4% i återbäring,Kutts,,Gäller tillsvidare,erbjudande,,,,
Upp till 30% rabatt på färdiga paket hos Kutts.se,Kutts,,Gäller tillsvidare,erbjudande,,,,
Kutts Outlet: Fynda med upp till 60% rabatt eller mer på utvalda produkter,Kutts,,Gäller tillsvidare,erbjudande,,,,
Handla med upp till 30% rabatt på trimmers & tillbehör,Kutts,,Gäller tillsvidare,erbjudande,,,,
Fri frakt (spara 59 kr) vid köp över 2000 kr,Kutts,,Gäller tillsvidare,erbjudande,,,,
Kutts erbjudande: Professionella frisörsaxar – från 389 kr,Kutts,,Gäller tillsvidare,erbjudande,,,,
Aktuella rabatter & erbjudanden hos Kutts,Kutts,,Gäller tillsvidare,erbjudande,,,,
Minst 10% rabatt på utvalda produkter hos Cuboss,Cuboss,,Gäller tillsvidare,erbjudande,,,,
REA: Upp till 50% rabatt på utvalda Rubiks kuber och pussel,Cuboss,,Gäller tillsvidare,erbjudande,,,,
Få 50 kr i bonus + 5% i återbäring,Cuboss,,Gäller tillsvidare,erbjudande,,,,
Fri frakt (spara minst 49 kr) när du handlar för över 499 kr,Cuboss,,Gäller tillsvidare,erbjudande,,,,
Aktuella rabatter & erbjudanden hos Cuboss,Cuboss,,Gäller tillsvidare,erbjudande,,,,
Få 60 kr i bonus + 5% i återbäring,TV4 Play,,Gäller tillsvidare,erbjudande,,,,
TV4 Play utan reklam – från 59 kr / månad,TV4 Play,,Gäller tillsvidare,erbjudande,,,,
Streama allt – endast 549 kr hos TV4 Play,TV4 Play,,Gäller tillsvidare,erbjudande,,,,
Aktuella rabatter & erbjudanden hos TV4 Play,TV4 Play,,Gäller tillsvidare,erbjudande,,,,
Få 16% rabatt på årsabonnemang hos Max,Max,,Gäller tillsvidare,erbjudande,,,,
Skaffa 12 månader till priset av 10 – Spara 338 kr på Max Premium,Max,,Gäller tillsvidare,erbjudande,,,,
Streama populära serier med reklam – månadspris endast 89 kr,Max,,Gäller tillsvidare,erbjudande,,,,
Aktuella rabatter & erbjudanden hos Max,Max,,Gäller tillsvidare,erbjudande,,,,
